Keep;Transcript #;Start Time;End Time;Text;Reference Segment;Match %;Status;Kind;Eliminate;Eliminate Reason;Repeat Group;Repeat Role;Anchor ID;Notes
x;1;00:00:00:15;00:00:05:19;On est en janvier 2012, l'acteur Nicolas Cage participe à une enchère secrète à Washington;On est en janvier 2012. L’acteur nicolas cage participe à une enchère secrète à washington.;100.0%;ANCHOR;speech;;;;;A001;file_lang=fr | file_script=latin | match_width=2 | ref_cover=0.12 | ref_noise=0.00 | ref_span=0-1 | ref_support=1.00 | row_lang=fr | row_script=latin | segment_source=words | usable_cover=1.00 | usable_noise=0.00 | usable_support=1.00 | word_range=0-14
;2;00:00:05:19;00:00:06:17;;;;SILENCE;silence;x;SILENCE;;;;segment_source=words
x;3;00:00:06:17;00:00:09:21;Dans la salle, il y a un cheval, il y a un chien et il y a un cerf-volant.;Dans la salle il y a un chat et un chien et un cerf-volant.;65.7%;TRANSPOSED_MATCH;speech;;;;;;file_lang=fr | file_script=latin | match_width=2 | ref_cover=0.14 | ref_noise=0.10 | ref_span=2-3 | ref_support=0.90 | row_lang=fr | row_script=latin | segment_source=words | usable_cover=0.47 | usable_noise=0.00 | usable_support=1.00 | word_range=15-33
;4;00:00:09:21;00:00:10:18;;;;SILENCE;silence;x;SILENCE;;;;segment_source=words
x;5;00:00:10:18;00:00:15:06;Il achète un fossile de dinosaure pour 270 000 dollars.;Il achète un fossile de dinosaure pour 270 000 dollars.;100.0%;ANCHOR;speech;;;;;A002;file_lang=fr | file_script=latin | match_width=1 | ref_cover=0.08 | ref_noise=0.00 | ref_span=4-4 | ref_support=1.00 | row_lang=fr | row_script=latin | segment_source=words | usable_cover=1.00 | usable_noise=0.00 | usable_support=1.00 | word_range=34-43
;6;00:00:15:06;00:00:16:15;;;;SILENCE;silence;x;SILENCE;;;;segment_source=words
x;7;00:00:16:15;00:00:20:02;Il passe devant Leonardo DiCaprio qui voulait aussi le Fossil.;Il passe devant leonardo dicaprio qui voulait aussi le fossile.;92.8%;MATCH;speech;;;;;;file_lang=fr | file_script=latin | match_width=1 | ref_cover=0.07 | ref_noise=0.10 | ref_span=5-5 | ref_support=0.90 | row_lang=fr | row_script=latin | segment_source=words | usable_cover=0.90 | usable_noise=0.00 | usable_support=1.00 | word_range=44-53
;8;00:00:20:02;00:00:20:19;;;;SILENCE;silence;x;SILENCE;;;;segment_source=words
x;9;00:00:20:19;00:00:22:11;Mais le fossile a en fait été volé.;Mais le fossile a en fait été volé en mongolie.;87.0%;MATCH;speech;;;;;;file_lang=fr | file_script=latin | match_width=1 | ref_cover=0.06 | ref_noise=0.00 | ref_span=6-6 | ref_support=1.00 | row_lang=fr | row_script=latin | segment_source=words | usable_cover=0.80 | usable_noise=0.00 | usable_support=1.00 | word_range=54-61
;10;00:00:22:11;00:00:23:01;;;;SILENCE;silence;x;SILENCE;;;;segment_source=words
x;11;00:00:23:01;00:00:29:14;en Mongolie. Nicolas Cage devra rendre le fossile et il sera remboursé à 0%.;Nicolas cage devra rendre le fossile il sera remboursé à 0%.;72.7%;TRANSPOSED_MATCH;speech;;;;;;file_lang=fr | file_script=latin | match_width=1 | ref_cover=0.11 | ref_noise=0.00 | ref_span=7-7 | ref_support=1.00 | row_lang=fr | row_script=latin | segment_source=words | usable_cover=1.00 | usable_noise=0.08 | usable_support=0.92 | word_range=62-75
;12;00:00:29:14;00:00:31:08;;;;SILENCE;silence;x;SILENCE;;;;segment_source=words
x;13;00:00:31:08;00:00:32:19;Tous les journaux en parlent.;Tous les journaux en parle.;85.3%;MATCH;speech;;;;;;file_lang=fr | file_script=latin | match_width=1 | ref_cover=0.03 | ref_noise=0.20 | ref_span=8-8 | ref_support=0.80 | row_lang=fr | row_script=latin | segment_source=words | usable_cover=0.80 | usable_noise=0.00 | usable_support=1.00 | word_range=76-80
;14;00:00:32:19;00:00:33:11;;;;SILENCE;silence;x;SILENCE;;;;segment_source=words
;15;00:00:33:11;00:00:35:18;Il y a même des photos qui sortent;;;PRE_REPEAT_ELIMINATED;speech;x;BAD_TAKE_PRE_REPEAT;REP001;PRE_REPEAT;;file_lang=fr | file_script=latin | ref_cover=0.06 | ref_noise=0.00 | ref_support=1.00 | repeat_core=il y a meme des photos qui sortent | repeat_selected_ref_span=9-9 | repeat_suffix_size=1 | row_lang=fr | row_script=latin | segment_source=words | word_range=81-88
;16;00:00:35:18;00:00:36:17;;;;SILENCE;silence;x;SILENCE;;;;segment_source=words
x;17;00:00:36:17;00:00:38:16;Il y a même des photos qui sortent.;Il y a même des photos qui sortent;100.0%;ANCHOR;speech;;;REP001;LAST_TAKE;A003;file_lang=fr | file_script=latin | match_width=1 | ref_cover=0.06 | ref_noise=0.00 | ref_span=9-9 | ref_support=1.00 | repeat_core=il y a meme des photos qui sortent | repeat_selected_ref_span=9-9 | repeat_suffix_size=1 | row_lang=fr | row_script=latin | segment_source=words | usable_cover=1.00 | usable_noise=0.00 | usable_support=1.00 | word_range=89-96
;18;00:00:38:16;00:00:39:22;;;;SILENCE;silence;x;SILENCE;;;;segment_source=words
x;19;00:00:39:22;00:00:41:14;et même des vidéos qui ont marqué l'histoire.;Et même des video qui ont marqué l’histoire;78.7%;MATCH;speech;;;;;;file_lang=fr | file_script=latin | match_width=1 | ref_cover=0.06 | ref_noise=0.11 | ref_span=10-10 | ref_support=0.89 | row_lang=fr | row_script=latin | segment_source=words | usable_cover=0.89 | usable_noise=0.11 | usable_support=0.89 | word_range=97-104
;20;00:00:41:14;00:00:43:05;;;;SILENCE;silence;x;SILENCE;;;;segment_source=words
x;21;00:00:43:05;00:00:46:00;C'est fou, vrai, incroyable.;c’est fou,vrai, incroyable.;100.0%;MATCH;speech;;;;;;file_lang=fr | file_script=latin | match_width=2 | ref_cover=0.04 | ref_noise=0.00 | ref_span=11-12 | ref_support=1.00 | row_lang=fr | row_script=latin | segment_source=words | usable_cover=1.00 | usable_noise=0.00 | usable_support=1.00 | word_range=105-108
;22;00:00:46:00;00:00:47:09;;;;SILENCE;silence;x;SILENCE;;;;segment_source=words
;23;00:00:47:09;00:00:48:06;Abonnez-vous à la chaîne;;;PRE_REPEAT_ELIMINATED;speech;x;BAD_TAKE_PRE_REPEAT;REP002;PRE_REPEAT;;file_lang=fr | file_script=latin | ref_cover=0.04 | ref_noise=0.00 | ref_support=1.00 | repeat_core=abonnez vous a la chaine | repeat_selected_ref_span=13-14 | repeat_suffix_size=1 | row_lang=fr | row_script=latin | segment_source=words | word_range=109-112
;24;00:00:48:06;00:00:50:12;;;;SILENCE;silence;x;SILENCE;;;;segment_source=words
;25;00:00:50:12;00:00:51:16;Abonnez-vous à la chaîne;;;PRE_REPEAT_ELIMINATED;speech;x;BAD_TAKE_PRE_REPEAT;REP002;PRE_REPEAT;;file_lang=fr | file_script=latin | ref_cover=0.04 | ref_noise=0.00 | ref_support=1.00 | repeat_core=abonnez vous a la chaine | repeat_selected_ref_span=13-14 | repeat_suffix_size=1 | row_lang=fr | row_script=latin | segment_source=words | word_range=113-116
;26;00:00:51:16;00:00:52:15;;;;SILENCE;silence;x;SILENCE;;;;segment_source=words
;27;00:00:52:15;00:00:54:10;Abonnez-vous à la chaîne !;;;PRE_REPEAT_ELIMINATED;speech;x;BAD_TAKE_PRE_REPEAT;REP002;PRE_REPEAT;;file_lang=fr | file_script=latin | ref_cover=0.04 | ref_noise=0.00 | ref_support=1.00 | repeat_core=abonnez vous a la chaine | repeat_selected_ref_span=13-14 | repeat_suffix_size=1 | row_lang=fr | row_script=latin | segment_source=words | word_range=117-120
;28;00:00:54:10;00:00:55:14;;;;SILENCE;silence;x;SILENCE;;;;segment_source=words
x;29;00:00:55:14;00:00:58:19;Abonnez-vous à la chaîne, faites-nous un don sur Tipeee;Abonnez vous à la chaine. Faite nous un don sur tipee.;72.3%;TRANSPOSED_MATCH;speech;;;REP002;LAST_TAKE;;file_lang=fr | file_script=latin | match_width=2 | ref_cover=0.07 | ref_noise=0.18 | ref_span=13-14 | ref_support=0.82 | repeat_core=abonnez vous a la chaine | repeat_selected_ref_span=13-14 | repeat_suffix_size=1 | row_lang=fr | row_script=latin | segment_source=words | usable_cover=0.82 | usable_noise=0.10 | usable_support=0.90 | word_range=121-129
;30;00:00:58:19;00:00:59:12;;;;SILENCE;silence;x;SILENCE;;;;segment_source=words
x;31;00:00:59:12;00:01:01:10;Et puis allez voir notre page Twitter.;Et puis allez voir notre page twitter.;100.0%;MATCH;speech;;;;;;file_lang=fr | file_script=latin | match_width=1 | ref_cover=0.05 | ref_noise=0.00 | ref_span=15-15 | ref_support=1.00 | row_lang=fr | row_script=latin | segment_source=words | usable_cover=1.00 | usable_noise=0.00 | usable_support=1.00 | word_range=130-136
;32;00:01:01:10;00:01:02:17;;;;SILENCE;silence;x;SILENCE;;;;segment_source=words
;33;00:01:02:17;00:01:03:12;Et enfin...;;;ELIMINATE_NO_REFERENCE_COVERED;speech;x;NO_REFERENCE_COVERED;;;;file_lang=fr | file_script=latin | ref_cover=0.01 | ref_noise=0.50 | ref_support=0.50 | ref_window=covered | row_lang=fr | row_script=latin | segment_source=words | word_range=137-138
;34;00:01:03:12;00:01:04:19;;;;SILENCE;silence;x;SILENCE;;;;segment_source=words
x;35;00:01:04:19;00:01:07:01;Et rendez-vous sur NicolasKage.com;et rendez vous sur nicolas-cage. com.;75.6%;MATCH;speech;;;;;;file_lang=fr | file_script=latin | match_width=2 | ref_cover=0.04 | ref_noise=0.17 | ref_span=16-17 | ref_support=0.83 | row_lang=fr | row_script=latin | segment_source=words | usable_cover=0.71 | usable_noise=0.17 | usable_support=0.83 | word_range=139-142
;36;00:01:07:01;00:01:10:06;;;;SILENCE;silence;x;SILENCE;;;;segment_source=words
;37;00:01:10:06;00:01:13:02;C'est tout ? Oui, c'est tout ce que j'avais à dire.;;;ELIMINATE_NO_REFERENCE_COVERED;speech;x;NO_REFERENCE_COVERED;;;;file_lang=fr | file_script=latin | ref_cover=0.03 | ref_noise=0.69 | ref_support=0.31 | ref_window=covered | row_lang=fr | row_script=latin | segment_source=words | word_range=143-152
;38;00:01:13:02;00:01:14:09;;;;SILENCE;silence;x;SILENCE;;;;segment_source=words
;39;00:01:14:09;00:01:15:18;C'est une très bonne journée.;;;PRE_REPEAT_ELIMINATED;speech;x;BAD_TAKE_PRE_REPEAT;REP003;PRE_REPEAT;;file_lang=fr | file_script=latin | ref_cover=0.04 | ref_noise=0.17 | ref_support=0.83 | repeat_core=c est une tres bonne journee | repeat_selected_ref_span=18-18 | repeat_suffix_size=1 | row_lang=fr | row_script=latin | segment_source=words | word_range=153-157
;40;00:01:15:18;00:01:16:18;;;;SILENCE;silence;x;SILENCE;;;;segment_source=words
x;41;00:01:16:18;00:01:17:17;Passez une bonne journée.;Passe une bonne journée;82.1%;MATCH;speech;;;;;;file_lang=fr | file_script=latin | match_width=1 | ref_cover=0.02 | ref_noise=0.25 | ref_span=18-18 | ref_support=0.75 | row_lang=fr | row_script=latin | segment_source=words | usable_cover=0.75 | usable_noise=0.00 | usable_support=1.00 | usable_word_range=159-161 | word_range=158-161
;42;00:01:17:17;00:01:20:06;;;;SILENCE;silence;x;SILENCE;;;;segment_source=words
;43;00:01:20:06;00:01:21:03;C'est une très bonne journée.;;;ELIMINATE_NO_REFERENCE_COVERED;speech;x;NO_REFERENCE_COVERED;REP003;LAST_TAKE;;file_lang=fr | file_script=latin | ref_cover=0.04 | ref_noise=0.17 | ref_support=0.83 | ref_window=covered | repeat_core=c est une tres bonne journee | repeat_selected_ref_span=18-18 | repeat_suffix_size=1 | row_lang=fr | row_script=latin | segment_source=words | word_range=162-166
;44;00:01:21:03;00:01:22:14;;;;SILENCE;silence;x;SILENCE;;;;segment_source=words
;45;00:01:22:14;00:01:23:18;Thank you.;;;ELIMINATE_NO_REFERENCE_COVERED;speech;x;NO_REFERENCE_COVERED;;;;file_lang=fr | file_script=latin | ref_cover=0.00 | ref_noise=1.00 | ref_support=0.00 | ref_window=covered | row_lang=fr | row_script=latin | segment_source=words | word_range=167-168
